{"episode": 48, "reward": -143.88689880078982, "_timestamp": 1721224951.0518904, "_runtime": 380.0693984031677, "_step": 27, "_wandb": {"runtime": 409}}