{"episode": 19, "reward": -113.83868649746461, "_timestamp": 1721224483.3121543, "_runtime": 262.6159071922302, "_step": 18, "_wandb": {"runtime": 297}}