{"episode": 78, "reward": -108.396304263751, "_timestamp": 1721225424.916834, "_runtime": 396.4291021823883, "_step": 28, "_wandb": {"runtime": 430}}