{"episode": 71, "reward": -114.61804305538152, "_timestamp": 1721225332.214572, "_runtime": 303.7268400192261, "_step": 21}