{"episode": 109, "reward": -209.13376385827723, "_timestamp": 1721225917.071758, "_runtime": 409.52428698539734, "_step": 29, "_wandb": {"runtime": 439}}