{"episode": 87, "reward": -712.9359364464692, "_timestamp": 1721225625.9984412, "_runtime": 118.45097017288208, "_step": 7}